student_id,course_id,enrollment_date,cohort,completion_pct,status,total_duration,session_count,avg_quiz_score,quiz_attempts
S0001,C005,2024-01-03,A,87.6,completed,216,4,85.55,1
S0001,C003,2024-01-20,C,59.51,in_progress,49,1,43.79,1
S0002,C001,2024-01-20,B,43.91,in_progress,177,2,43.52,3
S0002,C002,2024-01-14,B,54.43,in_progress,114,1,59.76,3
S0003,C005,2024-01-08,B,57.01,in_progress,309,4,65.66666666666667,3
S0003,C003,2024-01-05,C,59.61,in_progress,350,4,63.376666666666665,3
S0004,C002,2024-01-26,C,83.35,in_progress,65,1,86.64999999999999,3
S0004,C005,2024-01-15,C,67.48,in_progress,190,2,72.19666666666666,3
S0004,C003,2024-01-22,A,88.55,completed,137,2,85.77666666666669,3
S0005,C002,2024-01-05,C,62.71,in_progress,110,3,60.60666666666666,3
S0005,C001,2024-01-27,A,88.73,completed,290,4,100.0,1
S0006,C001,2024-01-25,B,91.04,completed,87,1,87.19,3
S0006,C004,2024-01-01,A,90.36,completed,234,3,84.92333333333333,3
S0007,C003,2024-01-15,B,89.03,completed,96,1,92.98,1
S0007,C001,2024-01-11,B,86.83,completed,69,1,83.92,1
S0007,C004,2024-01-23,B,74.1,in_progress,192,3,76.33,2
S0008,C002,2024-01-27,A,69.93,in_progress,179,2,59.35333333333333,3
S0008,C003,2024-01-04,B,71.8,in_progress,73,1,66.88333333333334,3
S0009,C005,2024-01-01,A,58.12,in_progress,112,1,73.89,1
S0010,C005,2024-01-03,A,80.58,in_progress,272,4,84.12333333333333,3
S0010,C003,2024-01-07,A,45.69,in_progress,224,4,39.735,2
S0011,C003,2024-01-26,B,68.8,in_progress,52,2,72.4,1
S0011,C004,2024-01-11,A,93.97,completed,64,1,86.96666666666665,3
S0011,C005,2024-01-14,B,68.1,in_progress,38,1,74.66,2
S0012,C005,2024-01-09,A,71.6,in_progress,144,3,70.565,2
S0012,C003,2024-01-24,A,64.6,in_progress,255,4,65.95666666666666,3
S0012,C001,2024-01-28,A,62.02,in_progress,233,3,64.695,2
S0013,C001,2024-01-03,A,79.53,in_progress,218,3,79.16499999999999,2
S0013,C005,2024-01-10,B,94.01,completed,85,1,98.75666666666666,3
S0013,C003,2024-01-08,B,48.63,in_progress,40,1,48.20666666666667,3
S0014,C005,2024-01-10,C,78.67,in_progress,198,4,77.82,3
S0014,C001,2024-01-28,B,69.09,in_progress,396,4,65.77,1
S0014,C003,2024-01-11,B,18.7,dropped,21,1,14.86,1
S0015,C003,2024-01-04,C,71.29,in_progress,150,2,64.9,2
S0015,C002,2024-01-13,A,95.61,completed,168,2,84.45,3
S0015,C001,2024-01-17,B,55.02,in_progress,137,2,64.535,2
S0016,C002,2024-01-08,C,79.53,in_progress,246,4,87.49000000000001,2
S0016,C004,2024-01-09,B,81.72,in_progress,175,2,77.58333333333333,3
S0017,C002,2024-01-11,A,98.02,completed,240,4,100.0,1
S0018,C005,2024-01-10,A,82.08,in_progress,354,4,80.91,1
S0018,C002,2024-01-11,B,71.04,in_progress,216,3,70.12666666666667,3
S0019,C001,2024-01-02,A,63.76,in_progress,213,4,59.92,1
S0020,C002,2024-01-27,C,61.24,in_progress,241,3,65.67,3
S0020,C003,2024-01-21,A,91.25,completed,52,1,91.24,1
S0020,C001,2024-01-30,C,61.23,in_progress,106,1,64.16,1
S0021,C003,2024-01-02,B,91.98,completed,149,3,89.60666666666667,3
S0021,C002,2024-01-01,B,72.99,in_progress,185,2,68.64,2
S0021,C001,2024-01-11,A,59.46,in_progress,164,3,73.76,1
S0022,C002,2024-01-15,C,67.3,in_progress,57,1,67.015,2
S0023,C005,2024-01-17,C,80.77,in_progress,221,3,84.65,1
S0023,C001,2024-01-17,C,76.53,in_progress,45,1,70.70333333333333,3
S0024,C003,2024-01-30,A,59.37,in_progress,295,4,55.46666666666667,3
S0025,C005,2024-01-29,B,78.18,in_progress,72,1,93.11,1
S0025,C003,2024-01-26,B,79.9,in_progress,141,4,87.64500000000001,2
S0026,C001,2024-01-16,B,79.24,in_progress,253,4,73.04,1
S0026,C005,2024-01-15,C,59.98,in_progress,239,3,46.58,2
S0027,C002,2024-01-25,B,64.56,in_progress,100,2,58.46,2
S0027,C005,2024-01-25,A,32.04,in_progress,202,2,25.613333333333333,3
S0028,C005,2024-01-27,A,97.42,completed,74,1,100.0,1
S0028,C004,2024-01-11,B,81.54,in_progress,112,1,89.21000000000001,2
S0028,C003,2024-01-27,C,57.43,in_progress,25,1,34.08,1
S0029,C001,2024-01-02,C,77.99,in_progress,281,3,75.91499999999999,2
S0029,C002,2024-01-24,C,79.3,in_progress,75,1,70.045,2
S0030,C001,2024-01-07,C,86.46,completed,210,2,88.64666666666666,3
S0031,C002,2024-01-01,A,54.53,in_progress,132,2,74.0,1
S0032,C002,2024-01-02,A,39.74,in_progress,324,3,41.335,2
S0032,C004,2024-01-03,B,74.29,in_progress,129,2,75.78666666666668,3
S0032,C003,2024-01-10,C,29.13,in_progress,145,3,43.32,1
S0033,C004,2024-01-19,B,59.57,in_progress,295,3,65.62,1
S0033,C005,2024-01-16,C,63.1,in_progress,49,1,29.38,1
S0033,C003,2024-01-03,A,49.87,in_progress,99,2,50.699999999999996,3
S0034,C005,2024-01-11,A,84.74,in_progress,156,3,83.92,1
S0034,C004,2024-01-10,C,73.45,in_progress,55,2,67.44,1
S0034,C002,2024-01-16,B,91.81,completed,85,2,78.09,2
S0035,C004,2024-01-12,C,74.58,in_progress,245,4,84.59333333333333,3
S0036,C003,2024-01-16,C,98.63,completed,287,4,78.11,1
S0036,C005,2024-01-12,A,82.02,in_progress,211,4,81.12333333333333,3
S0037,C002,2024-01-08,A,80.57,in_progress,209,3,65.15,1
S0037,C004,2024-01-07,C,77.52,in_progress,64,1,82.68333333333334,3
S0037,C003,2024-01-26,A,24.53,dropped,209,3,28.506666666666664,3
S0038,C002,2024-01-18,C,67.3,in_progress,68,1,66.26,1
S0038,C004,2024-01-13,C,83.39,in_progress,188,4,100.0,1
S0038,C003,2024-01-07,C,64.47,in_progress,354,4,69.72333333333334,3
S0039,C004,2024-01-07,C,57.63,in_progress,118,3,64.75333333333333,3
S0040,C003,2024-01-20,B,83.7,in_progress,121,2,85.79,1
S0040,C002,2024-01-17,B,74.41,in_progress,64,2,75.345,2
S0040,C005,2024-01-09,A,38.58,in_progress,79,1,40.82,1
S0041,C003,2024-01-18,C,57.74,in_progress,86,2,57.42666666666667,3
S0041,C005,2024-01-13,A,56.93,in_progress,73,2,52.129999999999995,2
S0042,C001,2024-01-19,C,84.53,in_progress,267,3,82.8,3
S0042,C002,2024-01-18,B,84.4,in_progress,159,2,87.67,2
S0043,C004,2024-01-22,B,38.63,in_progress,125,2,42.93,1
S0043,C001,2024-01-26,C,86.05,completed,258,3,92.10666666666667,3
S0043,C002,2024-01-13,C,70.37,in_progress,303,4,71.91,2
S0044,C005,2024-01-27,C,96.82,completed,234,4,96.97,1
S0044,C004,2024-01-06,B,77.59,in_progress,75,2,78.96333333333332,3
S0044,C001,2024-01-14,A,62.17,in_progress,308,3,55.295,2
S0045,C002,2024-01-28,B,59.9,in_progress,247,3,52.230000000000004,2
S0045,C004,2024-01-26,A,84.02,in_progress,95,1,93.7,1
S0046,C005,2024-01-20,A,91.7,completed,232,4,95.27,3
S0046,C004,2024-01-23,C,76.97,in_progress,286,4,70.32333333333334,3
S0047,C004,2024-01-04,B,86.41,completed,320,4,90.24666666666667,3
S0047,C005,2024-01-25,A,91.18,completed,102,1,96.41,2
S0048,C004,2024-01-07,A,60.01,in_progress,188,2,63.09,2
S0048,C001,2024-01-05,A,50.56,in_progress,178,3,53.76,1
S0048,C003,2024-01-13,C,71.04,in_progress,287,4,65.54,1
S0049,C001,2024-01-28,A,89.86,completed,96,1,94.17,1
S0049,C004,2024-01-19,C,56.5,in_progress,212,3,51.875,2
S0049,C005,2024-01-09,C,84.59,in_progress,87,1,94.47999999999999,2
S0050,C004,2024-01-30,A,88.53,completed,37,1,82.525,2
S0050,C002,2024-01-29,B,76.81,in_progress,107,2,85.88,2
S0050,C005,2024-01-08,A,84.74,in_progress,186,2,67.0,1
S0051,C004,2024-01-21,A,62.78,in_progress,213,3,66.41,1
S0051,C001,2024-01-22,A,90.49,completed,195,2,99.65,2
S0051,C002,2024-01-22,C,56.21,in_progress,166,4,50.95666666666667,3
S0052,C004,2024-01-28,A,76.82,in_progress,243,4,71.12,3
S0053,C004,2024-01-14,A,94.44,completed,431,4,93.495,2
S0053,C005,2024-01-12,B,98.9,completed,117,1,91.025,2
S0054,C002,2024-01-05,C,74.06,in_progress,167,2,70.715,2
S0054,C001,2024-01-22,B,66.42,in_progress,268,3,47.22,1
S0055,C005,2024-01-21,C,81.48,in_progress,37,1,76.83,2
S0055,C003,2024-01-05,C,39.83,in_progress,213,3,49.93333333333334,3
S0056,C004,2024-01-28,C,39.51,in_progress,185,2,48.01666666666667,3
S0057,C004,2024-01-13,C,45.87,in_progress,193,3,38.135000000000005,2
S0058,C003,2024-01-04,C,97.3,completed,305,3,97.53666666666668,3
S0058,C004,2024-01-09,B,63.83,in_progress,293,4,74.61500000000001,2
S0058,C002,2024-01-09,B,80.65,in_progress,87,1,80.71333333333332,3
S0059,C003,2024-01-12,A,80.27,in_progress,410,4,80.925,2
S0060,C003,2024-01-12,C,76.33,in_progress,185,4,78.78666666666668,3
S0061,C005,2024-01-09,C,84.13,in_progress,258,4,77.425,2
S0061,C004,2024-01-24,A,54.81,in_progress,342,4,59.43,3
S0061,C003,2024-01-24,A,61.21,in_progress,82,1,64.41333333333334,3
S0062,C001,2024-01-16,B,96.97,completed,50,2,98.67333333333333,3
S0062,C002,2024-01-17,C,81.03,in_progress,107,2,73.51333333333334,3
S0062,C003,2024-01-19,C,85.92,completed,93,2,82.21000000000001,2
S0063,C005,2024-01-24,A,94.04,completed,123,3,92.97666666666667,3
S0063,C002,2024-01-03,A,50.63,in_progress,396,4,60.4,3
S0063,C001,2024-01-12,C,80.75,in_progress,232,4,82.25,2
S0064,C005,2024-01-03,C,79.23,in_progress,272,4,75.13,1
S0064,C001,2024-01-10,A,85.25,completed,127,2,92.3,1
S0065,C003,2024-01-20,C,84.6,in_progress,244,3,87.12,3
S0066,C004,2024-01-10,A,79.65,in_progress,115,2,85.31,2
S0067,C001,2024-01-19,C,46.05,in_progress,58,1,32.63333333333333,3
S0068,C001,2024-01-08,C,78.35,in_progress,264,4,75.97,2
S0068,C002,2024-01-04,B,84.41,in_progress,202,3,79.85,2
S0068,C005,2024-01-22,A,78.34,in_progress,233,2,82.54666666666667,3
S0069,C002,2024-01-29,B,68.41,in_progress,92,1,62.07,1
S0069,C004,2024-01-27,C,59.97,in_progress,322,4,68.32,3
S0069,C003,2024-01-01,C,89.94,completed,271,4,86.675,2
S0070,C005,2024-01-06,A,73.54,in_progress,253,4,77.41999999999999,2
S0070,C004,2024-01-18,C,84.7,in_progress,38,1,81.18,1
S0070,C001,2024-01-02,C,93.53,completed,63,1,82.13333333333334,3
S0071,C001,2024-01-16,B,65.72,in_progress,218,4,63.050000000000004,3
S0072,C005,2024-01-02,C,52.95,in_progress,339,4,51.525,2
S0072,C001,2024-01-27,C,98.43,completed,331,4,86.81,2
S0072,C004,2024-01-02,B,67.68,in_progress,292,4,72.565,2
S0073,C003,2024-01-21,C,82.5,in_progress,131,2,74.62,1
S0073,C005,2024-01-15,C,85.09,completed,50,1,86.16,1
S0074,C003,2024-01-17,A,79.92,in_progress,105,2,79.925,2
S0074,C004,2024-01-24,C,73.15,in_progress,149,3,63.59,2
S0074,C005,2024-01-14,B,73.42,in_progress,82,1,76.095,2
S0075,C004,2024-01-11,C,82.23,in_progress,105,2,80.39,3
S0075,C001,2024-01-11,C,87.01,completed,58,1,87.65,1
S0076,C002,2024-01-13,A,75.55,in_progress,161,3,71.85499999999999,2
S0077,C004,2024-01-09,C,81.32,in_progress,212,3,73.05,1
S0077,C001,2024-01-27,A,38.31,in_progress,198,3,32.51,2
S0077,C005,2024-01-21,A,90.38,completed,283,4,79.38666666666667,3
S0078,C005,2024-01-28,B,85.53,completed,208,2,76.25,1
S0079,C004,2024-01-07,B,49.12,in_progress,198,3,45.06333333333333,3
S0079,C005,2024-01-03,C,80.63,in_progress,111,1,92.10499999999999,2
S0079,C001,2024-01-30,C,72.35,in_progress,361,4,75.53,1
S0080,C002,2024-01-08,B,58.51,in_progress,348,4,52.15,2
S0080,C001,2024-01-14,B,56.94,in_progress,51,1,52.36666666666667,3
S0080,C005,2024-01-30,B,76.88,in_progress,178,4,72.52666666666666,3
S0081,C002,2024-01-24,A,83.04,in_progress,235,4,81.30666666666667,3
S0082,C001,2024-01-24,B,82.07,in_progress,424,4,72.57,1
S0083,C002,2024-01-20,A,48.07,in_progress,175,3,40.51,1
S0084,C001,2024-01-28,B,47.32,in_progress,261,4,45.58,2
S0084,C005,2024-01-07,C,78.35,in_progress,273,3,79.58999999999999,3
S0085,C001,2024-01-25,C,87.62,completed,63,2,83.15,1
S0085,C004,2024-01-19,A,83.04,in_progress,64,1,82.87666666666667,3
S0085,C003,2024-01-13,C,80.03,in_progress,298,4,89.88,2
S0086,C005,2024-01-06,A,68.52,in_progress,90,1,54.44,1
S0086,C003,2024-01-16,A,91.1,completed,207,3,92.8,3
S0086,C004,2024-01-04,C,75.42,in_progress,182,2,76.39,2
S0087,C005,2024-01-22,B,49.02,in_progress,187,3,52.55,2
S0087,C002,2024-01-21,A,90.76,completed,286,4,100.0,1
S0088,C001,2024-01-22,A,68.8,in_progress,397,4,65.485,2
S0089,C003,2024-01-01,A,84.91,in_progress,157,3,89.56,1
S0089,C001,2024-01-17,B,57.7,in_progress,72,1,53.82,3
S0090,C002,2024-01-28,C,77.85,in_progress,343,4,72.47333333333333,3
S0090,C005,2024-01-01,A,73.88,in_progress,62,2,82.03333333333333,3
S0091,C004,2024-01-26,C,75.51,in_progress,310,4,85.925,2
S0091,C002,2024-01-30,A,83.52,in_progress,43,1,82.78,2
S0092,C005,2024-01-11,C,86.38,completed,83,1,80.78333333333335,3
S0092,C004,2024-01-11,C,72.91,in_progress,129,2,66.835,2
S0092,C003,2024-01-30,B,70.0,in_progress,222,4,82.20333333333333,3
S0093,C001,2024-01-02,A,93.52,completed,148,4,99.38,2
S0093,C003,2024-01-21,C,61.99,in_progress,106,1,60.58,2
S0093,C005,2024-01-20,A,73.11,in_progress,196,2,67.14,2
S0094,C002,2024-01-24,A,93.66,completed,173,3,98.06,2
S0094,C004,2024-01-17,B,74.97,in_progress,292,4,61.769999999999996,2
S0094,C003,2024-01-08,C,58.4,in_progress,151,3,63.7,1
S0095,C001,2024-01-19,B,63.9,in_progress,224,3,55.489999999999995,2
S0096,C004,2024-01-18,B,50.6,in_progress,96,2,52.81333333333333,3
S0096,C002,2024-01-24,A,71.73,in_progress,250,3,75.17,2
S0096,C003,2024-01-05,C,36.18,in_progress,64,1,41.18333333333333,3
S0097,C003,2024-01-04,A,68.03,in_progress,94,2,66.79666666666667,3
S0097,C004,2024-01-05,C,60.32,in_progress,198,3,59.09,1
S0098,C001,2024-01-28,A,64.79,in_progress,118,2,69.13,2
S0098,C003,2024-01-26,A,73.72,in_progress,279,3,83.01,1
S0098,C002,2024-01-23,C,69.76,in_progress,148,2,78.26666666666667,3
S0099,C004,2024-01-05,C,70.65,in_progress,99,2,71.17500000000001,2
S0100,C002,2024-01-08,B,22.51,dropped,17,1,23.78,3
S0100,C005,2024-01-05,B,51.12,in_progress,38,1,42.3,2
S0100,C003,2024-01-18,B,83.66,in_progress,231,4,78.71333333333332,3
